frase,situacao
Sinto dor intensa no peito e dificuldade para respirar desde esta manhã.,alto risco
Um aperto forte no tórax começou de repente e veio com suor frio.,alto risco
Estou com falta de ar mesmo sentado e não consigo completar uma frase.,alto risco
Meu coração dispara e quase desmaiei durante a caminhada.,alto risco
Tenho pressão no peito que se espalha para o braço esquerdo.,alto risco
Acordei sufocando e precisei me sentar para tentar respirar.,alto risco
Uma dor forte no peito não passou com o repouso.,alto risco
Senti palpitações com tontura intensa e queda ao chão.,alto risco
Desde ontem a falta de ar piorou e agora impede que eu caminhe dentro de casa.,alto risco
Tenho inchaço nas pernas e falta de ar intensa ao deitar.,alto risco
Uma dor no tórax apareceu com náusea e suor frio.,alto risco
Estou muito fraco com pressão no peito e sensação de desmaio.,alto risco
Não consigo respirar direito e meus lábios ficaram arroxeados.,alto risco
O coração bate de forma irregular e perdi a consciência por instantes.,alto risco
Uma queimação forte no peito veio junto de falta de ar súbita.,alto risco
Tenho dor que vai do peito até a mandíbula e estou suando frio.,alto risco
A respiração está muito difícil mesmo sem fazer esforço.,alto risco
Senti aperto no peito ao caminhar e agora a dor continua parado.,alto risco
As palpitações começaram de repente com fraqueza intensa e tontura.,alto risco
Estou com dor forte no peito há meia hora e ela está piorando.,alto risco
Uma falta de ar repentina me obrigou a parar de falar.,alto risco
Tenho cansaço extremo com pressão no tórax e suor frio.,alto risco
A dor no braço veio acompanhada de aperto no peito e náusea.,alto risco
Meu coração está acelerado e estou prestes a desmaiar.,alto risco
Passei a noite sem conseguir deitar por dificuldade intensa para respirar.,alto risco
Estou com dor persistente no peito e sensação de sufocamento.,alto risco
Durante o banho senti pressão forte no tórax e perdi os sentidos.,alto risco
Sinto falta de ar em repouso com tontura e suor frio.,alto risco
A dor no peito começou subitamente e se espalhou para as costas.,alto risco
Meus batimentos estão irregulares e a respiração ficou difícil.,alto risco
Desde cedo tenho aperto intenso no peito que não melhora.,alto risco
Quase desmaiei após sentir palpitações e dor no tórax.,alto risco
Sinto dor opressiva no peito e uma fraqueza que impede ficar em pé.,alto risco
Não consigo andar poucos passos por falta de ar muito forte.,alto risco
Estou com pressão torácica persistente e náusea intensa.,alto risco
Tive desmaio durante esforço junto de batimentos muito acelerados.,alto risco
Uma dor no peito com suor frio interrompeu minha atividade.,alto risco
Minha falta de ar piorou rapidamente e continuo ofegante sentado.,alto risco
Sinto o peito apertado com dor no braço e tontura.,alto risco
Há minutos tenho dificuldade súbita para respirar e sensação de desfalecimento.,alto risco
Senti leve dor muscular nas costas após carregar caixas e melhorei com descanso.,baixo risco
Tenho pequena coceira no braço desde que usei um sabonete novo.,baixo risco
Estou com leve coriza mas mantenho minhas atividades normalmente.,baixo risco
Sinto discreto incômodo no ombro depois do treino sem outros sintomas.,baixo risco
Tive cansaço leve após dormir pouco e ele passou depois de descansar.,baixo risco
Minha pele está um pouco ressecada e coça levemente.,baixo risco
Sinto leve dor na panturrilha após caminhada longa e ela está melhorando.,baixo risco
Tenho espirros ocasionais e consigo trabalhar normalmente.,baixo risco
Um pequeno incômodo no punho aparece quando digito por muito tempo.,baixo risco
Estou com leve dor de cabeça que melhorou após uma noite de sono.,baixo risco
Sinto rigidez leve no pescoço depois de dormir em posição ruim.,baixo risco
Tenho uma pequena irritação na pele no local do relógio.,baixo risco
Tive leve desconforto muscular após exercício e hoje já estou melhor.,baixo risco
Estou com nariz escorrendo e sem dificuldade para respirar.,baixo risco
Sinto os olhos cansados após horas diante do computador.,baixo risco
Tenho uma coceira discreta na mão sem atrapalhar minha rotina.,baixo risco
Depois da faxina senti leve dor nas costas que passou em repouso.,baixo risco
Meu ombro está levemente dolorido depois de pintar a parede.,baixo risco
Estou com pequeno incômodo no dedo após escrever bastante.,baixo risco
Tive leve cansaço ao final de um dia longo e recuperei após dormir.,baixo risco
Sinto dor muscular leve na coxa depois de pedalar e consigo andar normalmente.,baixo risco
Tenho alguns espirros ao limpar a estante sem outras queixas.,baixo risco
Minha garganta está levemente irritada mas consigo comer e trabalhar.,baixo risco
Sinto um leve incômodo lombar que melhora quando alongo.,baixo risco
Estou com coceira pequena onde a etiqueta da roupa encosta.,baixo risco
O nariz está um pouco congestionado mas a respiração segue normal.,baixo risco
Sinto leve tensão nos ombros após estudar e melhoro ao descansar.,baixo risco
Tive dor discreta no braço depois de carregar compras e já passou.,baixo risco
Tenho olhos secos ao fim do expediente sem alteração da visão.,baixo risco
Senti fadiga leve após uma noite curta e voltei ao normal com repouso.,baixo risco
Estou com leve desconforto na mão após usar o mouse durante horas.,baixo risco
Tenho coriza discreta e não sinto dor no peito nem falta de ar.,baixo risco
Sinto leve dor muscular depois de jogar bola e ela diminui a cada dia.,baixo risco
Minha pele coça um pouco após contato com tecido áspero.,baixo risco
Tive um incômodo leve nas costas que não interrompeu minhas atividades.,baixo risco
Estou com espirros leves e sem tontura ou desmaio.,baixo risco
Sinto pequena rigidez no pescoço que melhora com mudança de posição.,baixo risco
Meu pulso incomoda levemente após escrever e melhora ao parar.,baixo risco
Tenho leve irritação nos olhos depois de trabalhar no computador.,baixo risco
Senti cansaço após exercício habitual que desapareceu com descanso.,baixo risco
