frase,situacao,categoria,predicao,acerto
Nego dor no peito e nego falta de ar; apenas coceira leve na pele.,baixo risco,negacao,alto risco,False
Não tenho pressão no peito nem suor frio; estou apenas com coriza discreta.,baixo risco,negacao,alto risco,False
Nunca tive desmaio ou palpitações; sinto leve rigidez muscular após treino.,baixo risco,negacao,baixo risco,True
Sem dor no peito ou falta de ar; um pequeno incômodo no dedo já melhorou.,baixo risco,negacao,alto risco,False
Não tenho dor no peito mas estou com falta de ar intensa em repouso.,alto risco,negacao_mista,alto risco,True
Sem palpitações mas a pressão forte no tórax persiste e estou suando frio.,alto risco,negacao_mista,alto risco,True
O peito tá apertando forte e tô sem fôlego mesmo parado.,alto risco,coloquial,alto risco,True
Meu coração tá disparado e acho que vou apagar.,alto risco,coloquial,alto risco,True
Tô com uma coceirinha no braço por causa da blusa e sigo de boa.,baixo risco,coloquial,alto risco,False
Minha costa ficou meio dolorida depois do treino mas já tá passando.,baixo risco,coloquial,baixo risco,True
Ontem tive leve coriza; agora sinto dor intensa no peito e falta de ar.,alto risco,temporal,alto risco,True
O pequeno incômodo de ontem passou mas hoje estou com pressão forte no peito.,alto risco,temporal,alto risco,True
