frase,situacao,particao
Sinto dor intensa no peito e dificuldade para respirar desde esta manhã.,alto risco,treino
Um aperto forte no tórax começou de repente e veio com suor frio.,alto risco,treino
Estou com falta de ar mesmo sentado e não consigo completar uma frase.,alto risco,treino
Meu coração dispara e quase desmaiei durante a caminhada.,alto risco,treino
Tenho pressão no peito que se espalha para o braço esquerdo.,alto risco,treino
Acordei sufocando e precisei me sentar para tentar respirar.,alto risco,treino
Uma dor forte no peito não passou com o repouso.,alto risco,treino
Senti palpitações com tontura intensa e queda ao chão.,alto risco,teste
Desde ontem a falta de ar piorou e agora impede que eu caminhe dentro de casa.,alto risco,treino
Tenho inchaço nas pernas e falta de ar intensa ao deitar.,alto risco,treino
Uma dor no tórax apareceu com náusea e suor frio.,alto risco,teste
Estou muito fraco com pressão no peito e sensação de desmaio.,alto risco,treino
Não consigo respirar direito e meus lábios ficaram arroxeados.,alto risco,treino
O coração bate de forma irregular e perdi a consciência por instantes.,alto risco,treino
Uma queimação forte no peito veio junto de falta de ar súbita.,alto risco,teste
Tenho dor que vai do peito até a mandíbula e estou suando frio.,alto risco,treino
A respiração está muito difícil mesmo sem fazer esforço.,alto risco,treino
Senti aperto no peito ao caminhar e agora a dor continua parado.,alto risco,treino
As palpitações começaram de repente com fraqueza intensa e tontura.,alto risco,teste
Estou com dor forte no peito há meia hora e ela está piorando.,alto risco,treino
Uma falta de ar repentina me obrigou a parar de falar.,alto risco,teste
Tenho cansaço extremo com pressão no tórax e suor frio.,alto risco,treino
A dor no braço veio acompanhada de aperto no peito e náusea.,alto risco,teste
Meu coração está acelerado e estou prestes a desmaiar.,alto risco,teste
Passei a noite sem conseguir deitar por dificuldade intensa para respirar.,alto risco,treino
Estou com dor persistente no peito e sensação de sufocamento.,alto risco,treino
Durante o banho senti pressão forte no tórax e perdi os sentidos.,alto risco,treino
Sinto falta de ar em repouso com tontura e suor frio.,alto risco,treino
A dor no peito começou subitamente e se espalhou para as costas.,alto risco,teste
Meus batimentos estão irregulares e a respiração ficou difícil.,alto risco,treino
Desde cedo tenho aperto intenso no peito que não melhora.,alto risco,treino
Quase desmaiei após sentir palpitações e dor no tórax.,alto risco,treino
Sinto dor opressiva no peito e uma fraqueza que impede ficar em pé.,alto risco,teste
Não consigo andar poucos passos por falta de ar muito forte.,alto risco,treino
Estou com pressão torácica persistente e náusea intensa.,alto risco,treino
Tive desmaio durante esforço junto de batimentos muito acelerados.,alto risco,treino
Uma dor no peito com suor frio interrompeu minha atividade.,alto risco,treino
Minha falta de ar piorou rapidamente e continuo ofegante sentado.,alto risco,treino
Sinto o peito apertado com dor no braço e tontura.,alto risco,teste
Há minutos tenho dificuldade súbita para respirar e sensação de desfalecimento.,alto risco,treino
Senti leve dor muscular nas costas após carregar caixas e melhorei com descanso.,baixo risco,treino
Tenho pequena coceira no braço desde que usei um sabonete novo.,baixo risco,teste
Estou com leve coriza mas mantenho minhas atividades normalmente.,baixo risco,treino
Sinto discreto incômodo no ombro depois do treino sem outros sintomas.,baixo risco,teste
Tive cansaço leve após dormir pouco e ele passou depois de descansar.,baixo risco,treino
Minha pele está um pouco ressecada e coça levemente.,baixo risco,treino
Sinto leve dor na panturrilha após caminhada longa e ela está melhorando.,baixo risco,treino
Tenho espirros ocasionais e consigo trabalhar normalmente.,baixo risco,treino
Um pequeno incômodo no punho aparece quando digito por muito tempo.,baixo risco,teste
Estou com leve dor de cabeça que melhorou após uma noite de sono.,baixo risco,treino
Sinto rigidez leve no pescoço depois de dormir em posição ruim.,baixo risco,treino
Tenho uma pequena irritação na pele no local do relógio.,baixo risco,treino
Tive leve desconforto muscular após exercício e hoje já estou melhor.,baixo risco,treino
Estou com nariz escorrendo e sem dificuldade para respirar.,baixo risco,teste
Sinto os olhos cansados após horas diante do computador.,baixo risco,treino
Tenho uma coceira discreta na mão sem atrapalhar minha rotina.,baixo risco,treino
Depois da faxina senti leve dor nas costas que passou em repouso.,baixo risco,treino
Meu ombro está levemente dolorido depois de pintar a parede.,baixo risco,teste
Estou com pequeno incômodo no dedo após escrever bastante.,baixo risco,treino
Tive leve cansaço ao final de um dia longo e recuperei após dormir.,baixo risco,treino
Sinto dor muscular leve na coxa depois de pedalar e consigo andar normalmente.,baixo risco,teste
Tenho alguns espirros ao limpar a estante sem outras queixas.,baixo risco,treino
Minha garganta está levemente irritada mas consigo comer e trabalhar.,baixo risco,treino
Sinto um leve incômodo lombar que melhora quando alongo.,baixo risco,treino
Estou com coceira pequena onde a etiqueta da roupa encosta.,baixo risco,teste
O nariz está um pouco congestionado mas a respiração segue normal.,baixo risco,teste
Sinto leve tensão nos ombros após estudar e melhoro ao descansar.,baixo risco,treino
Tive dor discreta no braço depois de carregar compras e já passou.,baixo risco,treino
Tenho olhos secos ao fim do expediente sem alteração da visão.,baixo risco,treino
Senti fadiga leve após uma noite curta e voltei ao normal com repouso.,baixo risco,treino
Estou com leve desconforto na mão após usar o mouse durante horas.,baixo risco,treino
Tenho coriza discreta e não sinto dor no peito nem falta de ar.,baixo risco,treino
Sinto leve dor muscular depois de jogar bola e ela diminui a cada dia.,baixo risco,treino
Minha pele coça um pouco após contato com tecido áspero.,baixo risco,treino
Tive um incômodo leve nas costas que não interrompeu minhas atividades.,baixo risco,treino
Estou com espirros leves e sem tontura ou desmaio.,baixo risco,treino
Sinto pequena rigidez no pescoço que melhora com mudança de posição.,baixo risco,treino
Meu pulso incomoda levemente após escrever e melhora ao parar.,baixo risco,treino
Tenho leve irritação nos olhos depois de trabalhar no computador.,baixo risco,teste
Senti cansaço após exercício habitual que desapareceu com descanso.,baixo risco,teste
