termo,coeficiente
peito,-0.4996221969503843
no peito,-0.45697311594583445
pressao,-0.36912863604320795
respirar,-0.36024500490069417
frio,-0.35870803052389305
para,-0.35136036842808716
forte,-0.34382625337095823
intensa,-0.3192238464414864
no,-0.3113013309167931
muito,-0.30653229733569404
no torax,-0.3039776187346558
torax,-0.3039776187346558
incomodo,0.2424095524516649
levemente,0.24974079342626623
um,0.2662316224413711
discreta,0.26695474170512756
depois de,0.2723791728220532
espirros,0.2878648435795456
na,0.2884663657876639
leve dor,0.3167054788934056
depois,0.3219112957169799
sinto,0.345514775342189
apos,0.5643332918665015
leve,0.6869809763265725
